method,batch_size,context_length,gamma,tree_nodes,mean_ms,p50_ms,p95_ms,std_ms,gpu_name,model_name,tree_mode,status,error,dtype,attention_implementation,use_cache,torch_version,transformers_version,cuda_version,model_revision,past_length,timed_input_length,warmup,repeat,latency_scope,device,peak_memory_mb,source_file
linear_verification,1,128,1.0,,14.285604467391968,14.257760047912598,14.320834922790528,0.288346621500541,NVIDIA GeForce RTX 4090,Qwen/Qwen2.5-7B-Instruct,,success,,bfloat16,sdpa,True,2.5.1.post303,5.8.0,12.0,a09a35458c702b33eeacc393d103063234e8bc28,128,1,20,100,cuda_device_elapsed,cuda:1,14636.6982421875,target_verification_latency_full.csv
linear_verification,1,128,2.0,,17.568188190460205,17.538496017456055,17.765485572814942,0.2240893972108773,NVIDIA GeForce RTX 4090,Qwen/Qwen2.5-7B-Instruct,,success,,bfloat16,sdpa,True,2.5.1.post303,5.8.0,12.0,a09a35458c702b33eeacc393d103063234e8bc28,128,2,20,100,cuda_device_elapsed,cuda:1,14636.7529296875,target_verification_latency_full.csv
linear_verification,1,128,4.0,,17.572816677093506,17.566783905029297,17.670320415496825,0.0616613579818786,NVIDIA GeForce RTX 4090,Qwen/Qwen2.5-7B-Instruct,,success,,bfloat16,sdpa,True,2.5.1.post303,5.8.0,12.0,a09a35458c702b33eeacc393d103063234e8bc28,128,4,20,100,cuda_device_elapsed,cuda:1,14636.8623046875,target_verification_latency_full.csv
linear_verification,1,128,8.0,,16.929774837493895,16.905344009399414,17.049028873443604,0.1486539479310347,NVIDIA GeForce RTX 4090,Qwen/Qwen2.5-7B-Instruct,,success,,bfloat16,sdpa,True,2.5.1.post303,5.8.0,12.0,a09a35458c702b33eeacc393d103063234e8bc28,128,8,20,100,cuda_device_elapsed,cuda:1,14637.0810546875,target_verification_latency_full.csv
target_decode,1,128,,,14.256912355422974,14.247951984405518,14.330152225494384,0.0486792862166672,NVIDIA GeForce RTX 4090,Qwen/Qwen2.5-7B-Instruct,,success,,bfloat16,sdpa,True,2.5.1.post303,5.8.0,12.0,a09a35458c702b33eeacc393d103063234e8bc28,128,1,20,100,cuda_device_elapsed,cuda:1,14636.6982421875,target_verification_latency_full.csv
tree_verification,1,128,,8.0,14.265839691162109,14.261759757995604,14.32529888153076,0.0520069770920169,NVIDIA GeForce RTX 4090,Qwen/Qwen2.5-7B-Instruct,fixed_forward_approx,success,,bfloat16,sdpa,True,2.5.1.post303,5.8.0,12.0,a09a35458c702b33eeacc393d103063234e8bc28,128,1,20,100,cuda_device_elapsed,cuda:1,14636.6982421875,target_verification_latency_full.csv
tree_verification,1,128,,16.0,14.265839691162109,14.261759757995604,14.32529888153076,0.0520069770920169,NVIDIA GeForce RTX 4090,Qwen/Qwen2.5-7B-Instruct,fixed_forward_approx,success,,bfloat16,sdpa,True,2.5.1.post303,5.8.0,12.0,a09a35458c702b33eeacc393d103063234e8bc28,128,1,20,100,cuda_device_elapsed,cuda:1,14636.6982421875,target_verification_latency_full.csv
tree_verification,1,128,,32.0,14.265839691162109,14.261759757995604,14.32529888153076,0.0520069770920169,NVIDIA GeForce RTX 4090,Qwen/Qwen2.5-7B-Instruct,fixed_forward_approx,success,,bfloat16,sdpa,True,2.5.1.post303,5.8.0,12.0,a09a35458c702b33eeacc393d103063234e8bc28,128,1,20,100,cuda_device_elapsed,cuda:1,14636.6982421875,target_verification_latency_full.csv
tree_verification,1,128,,64.0,14.265839691162109,14.261759757995604,14.32529888153076,0.0520069770920169,NVIDIA GeForce RTX 4090,Qwen/Qwen2.5-7B-Instruct,fixed_forward_approx,success,,bfloat16,sdpa,True,2.5.1.post303,5.8.0,12.0,a09a35458c702b33eeacc393d103063234e8bc28,128,1,20,100,cuda_device_elapsed,cuda:1,14636.6982421875,target_verification_latency_full.csv
linear_verification,1,512,1.0,,14.154400272369385,14.130607604980469,14.262615633010864,0.090415107077047,NVIDIA GeForce RTX 4090,Qwen/Qwen2.5-7B-Instruct,,success,,bfloat16,sdpa,True,2.5.1.post303,5.8.0,12.0,a09a35458c702b33eeacc393d103063234e8bc28,512,1,20,100,cuda_device_elapsed,cuda:1,14812.837890625,target_verification_latency_full.csv
linear_verification,1,512,2.0,,17.476411819458008,17.46679973602295,17.549569129943848,0.0607235295323592,NVIDIA GeForce RTX 4090,Qwen/Qwen2.5-7B-Instruct,,success,,bfloat16,sdpa,True,2.5.1.post303,5.8.0,12.0,a09a35458c702b33eeacc393d103063234e8bc28,512,2,20,100,cuda_device_elapsed,cuda:1,14812.892578125,target_verification_latency_full.csv
linear_verification,1,512,4.0,,17.556503067016603,17.54848003387451,17.62302169799805,0.1750714534350095,NVIDIA GeForce RTX 4090,Qwen/Qwen2.5-7B-Instruct,,success,,bfloat16,sdpa,True,2.5.1.post303,5.8.0,12.0,a09a35458c702b33eeacc393d103063234e8bc28,512,4,20,100,cuda_device_elapsed,cuda:1,14813.001953125,target_verification_latency_full.csv
linear_verification,1,512,8.0,,17.059255332946776,17.05521583557129,17.13904857635498,0.0477601321854256,NVIDIA GeForce RTX 4090,Qwen/Qwen2.5-7B-Instruct,,success,,bfloat16,sdpa,True,2.5.1.post303,5.8.0,12.0,a09a35458c702b33eeacc393d103063234e8bc28,512,8,20,100,cuda_device_elapsed,cuda:1,14813.220703125,target_verification_latency_full.csv
target_decode,1,512,,,14.229194202423097,14.219264030456545,14.286601352691653,0.1344687650873653,NVIDIA GeForce RTX 4090,Qwen/Qwen2.5-7B-Instruct,,success,,bfloat16,sdpa,True,2.5.1.post303,5.8.0,12.0,a09a35458c702b33eeacc393d103063234e8bc28,512,1,20,100,cuda_device_elapsed,cuda:1,14812.837890625,target_verification_latency_full.csv
tree_verification,1,512,,8.0,14.22603964805603,14.2184157371521,14.307547426223756,0.0489211623139572,NVIDIA GeForce RTX 4090,Qwen/Qwen2.5-7B-Instruct,fixed_forward_approx,success,,bfloat16,sdpa,True,2.5.1.post303,5.8.0,12.0,a09a35458c702b33eeacc393d103063234e8bc28,512,1,20,100,cuda_device_elapsed,cuda:1,14812.837890625,target_verification_latency_full.csv
tree_verification,1,512,,16.0,14.22603964805603,14.2184157371521,14.307547426223756,0.0489211623139572,NVIDIA GeForce RTX 4090,Qwen/Qwen2.5-7B-Instruct,fixed_forward_approx,success,,bfloat16,sdpa,True,2.5.1.post303,5.8.0,12.0,a09a35458c702b33eeacc393d103063234e8bc28,512,1,20,100,cuda_device_elapsed,cuda:1,14812.837890625,target_verification_latency_full.csv
tree_verification,1,512,,32.0,14.22603964805603,14.2184157371521,14.307547426223756,0.0489211623139572,NVIDIA GeForce RTX 4090,Qwen/Qwen2.5-7B-Instruct,fixed_forward_approx,success,,bfloat16,sdpa,True,2.5.1.post303,5.8.0,12.0,a09a35458c702b33eeacc393d103063234e8bc28,512,1,20,100,cuda_device_elapsed,cuda:1,14812.837890625,target_verification_latency_full.csv
tree_verification,1,512,,64.0,14.22603964805603,14.2184157371521,14.307547426223756,0.0489211623139572,NVIDIA GeForce RTX 4090,Qwen/Qwen2.5-7B-Instruct,fixed_forward_approx,success,,bfloat16,sdpa,True,2.5.1.post303,5.8.0,12.0,a09a35458c702b33eeacc393d103063234e8bc28,512,1,20,100,cuda_device_elapsed,cuda:1,14812.837890625,target_verification_latency_full.csv
linear_verification,1,1024,1.0,,18.40383036613464,14.496272087097168,25.4489538192749,5.074015508745263,NVIDIA GeForce RTX 4090,Qwen/Qwen2.5-7B-Instruct,,success,,bfloat16,sdpa,True,2.5.1.post303,5.8.0,12.0,a09a35458c702b33eeacc393d103063234e8bc28,1024,1,20,100,cuda_device_elapsed,cuda:1,15077.802734375,target_verification_latency_full.csv
linear_verification,1,1024,2.0,,17.755950050354002,17.727487564086914,17.862655639648438,0.1253347657617915,NVIDIA GeForce RTX 4090,Qwen/Qwen2.5-7B-Instruct,,success,,bfloat16,sdpa,True,2.5.1.post303,5.8.0,12.0,a09a35458c702b33eeacc393d103063234e8bc28,1024,2,20,100,cuda_device_elapsed,cuda:1,15077.802734375,target_verification_latency_full.csv
linear_verification,1,1024,4.0,,17.857228031158446,17.84286403656006,17.92875270843506,0.1671001146542143,NVIDIA GeForce RTX 4090,Qwen/Qwen2.5-7B-Instruct,,success,,bfloat16,sdpa,True,2.5.1.post303,5.8.0,12.0,a09a35458c702b33eeacc393d103063234e8bc28,1024,4,20,100,cuda_device_elapsed,cuda:1,15077.802734375,target_verification_latency_full.csv
linear_verification,1,1024,8.0,,17.301494083404542,17.293487548828125,17.394923305511476,0.0485236392443367,NVIDIA GeForce RTX 4090,Qwen/Qwen2.5-7B-Instruct,,success,,bfloat16,sdpa,True,2.5.1.post303,5.8.0,12.0,a09a35458c702b33eeacc393d103063234e8bc28,1024,8,20,100,cuda_device_elapsed,cuda:1,15077.802734375,target_verification_latency_full.csv
target_decode,1,1024,,,14.194747829437256,14.187151908874512,14.258278274536131,0.0410134215102072,NVIDIA GeForce RTX 4090,Qwen/Qwen2.5-7B-Instruct,,success,,bfloat16,sdpa,True,2.5.1.post303,5.8.0,12.0,a09a35458c702b33eeacc393d103063234e8bc28,1024,1,20,100,cuda_device_elapsed,cuda:1,15077.802734375,target_verification_latency_full.csv
tree_verification,1,1024,,8.0,14.43666275024414,14.417920112609863,14.508081436157228,0.0972985732350374,NVIDIA GeForce RTX 4090,Qwen/Qwen2.5-7B-Instruct,fixed_forward_approx,success,,bfloat16,sdpa,True,2.5.1.post303,5.8.0,12.0,a09a35458c702b33eeacc393d103063234e8bc28,1024,1,20,100,cuda_device_elapsed,cuda:1,15077.802734375,target_verification_latency_full.csv
tree_verification,1,1024,,16.0,14.43666275024414,14.417920112609863,14.508081436157228,0.0972985732350374,NVIDIA GeForce RTX 4090,Qwen/Qwen2.5-7B-Instruct,fixed_forward_approx,success,,bfloat16,sdpa,True,2.5.1.post303,5.8.0,12.0,a09a35458c702b33eeacc393d103063234e8bc28,1024,1,20,100,cuda_device_elapsed,cuda:1,15077.802734375,target_verification_latency_full.csv
tree_verification,1,1024,,32.0,14.43666275024414,14.417920112609863,14.508081436157228,0.0972985732350374,NVIDIA GeForce RTX 4090,Qwen/Qwen2.5-7B-Instruct,fixed_forward_approx,success,,bfloat16,sdpa,True,2.5.1.post303,5.8.0,12.0,a09a35458c702b33eeacc393d103063234e8bc28,1024,1,20,100,cuda_device_elapsed,cuda:1,15077.802734375,target_verification_latency_full.csv
tree_verification,1,1024,,64.0,14.43666275024414,14.417920112609863,14.508081436157228,0.0972985732350374,NVIDIA GeForce RTX 4090,Qwen/Qwen2.5-7B-Instruct,fixed_forward_approx,success,,bfloat16,sdpa,True,2.5.1.post303,5.8.0,12.0,a09a35458c702b33eeacc393d103063234e8bc28,1024,1,20,100,cuda_device_elapsed,cuda:1,15077.802734375,target_verification_latency_full.csv
linear_verification,1,2048,1.0,,15.550268135070802,14.475359916687012,24.008851337432866,3.794476809760681,NVIDIA GeForce RTX 4090,Qwen/Qwen2.5-7B-Instruct,,success,,bfloat16,sdpa,True,2.5.1.post303,5.8.0,12.0,a09a35458c702b33eeacc393d103063234e8bc28,2048,1,20,100,cuda_device_elapsed,cuda:1,15528.763671875,target_verification_latency_full.csv
linear_verification,1,2048,2.0,,17.949922561645508,17.92526340484619,18.042880725860595,0.1146569789678553,NVIDIA GeForce RTX 4090,Qwen/Qwen2.5-7B-Instruct,,success,,bfloat16,sdpa,True,2.5.1.post303,5.8.0,12.0,a09a35458c702b33eeacc393d103063234e8bc28,2048,2,20,100,cuda_device_elapsed,cuda:1,15528.810546875,target_verification_latency_full.csv
linear_verification,1,2048,4.0,,17.95088119506836,17.910271644592285,18.15675449371338,0.2442577371135471,NVIDIA GeForce RTX 4090,Qwen/Qwen2.5-7B-Instruct,,success,,bfloat16,sdpa,True,2.5.1.post303,5.8.0,12.0,a09a35458c702b33eeacc393d103063234e8bc28,2048,4,20,100,cuda_device_elapsed,cuda:1,15528.904296875,target_verification_latency_full.csv
linear_verification,1,2048,8.0,,17.382788581848146,17.345952033996582,17.63097515106201,0.1602855446689807,NVIDIA GeForce RTX 4090,Qwen/Qwen2.5-7B-Instruct,,success,,bfloat16,sdpa,True,2.5.1.post303,5.8.0,12.0,a09a35458c702b33eeacc393d103063234e8bc28,2048,8,20,100,cuda_device_elapsed,cuda:1,15529.091796875,target_verification_latency_full.csv
target_decode,1,2048,,,14.43138045310974,14.42139196395874,14.54114875793457,0.0571959164199578,NVIDIA GeForce RTX 4090,Qwen/Qwen2.5-7B-Instruct,,success,,bfloat16,sdpa,True,2.5.1.post303,5.8.0,12.0,a09a35458c702b33eeacc393d103063234e8bc28,2048,1,20,100,cuda_device_elapsed,cuda:1,15528.763671875,target_verification_latency_full.csv
tree_verification,1,2048,,8.0,14.575318117141723,14.55462408065796,14.776118612289428,0.1323886126450667,NVIDIA GeForce RTX 4090,Qwen/Qwen2.5-7B-Instruct,fixed_forward_approx,success,,bfloat16,sdpa,True,2.5.1.post303,5.8.0,12.0,a09a35458c702b33eeacc393d103063234e8bc28,2048,1,20,100,cuda_device_elapsed,cuda:1,15528.763671875,target_verification_latency_full.csv
tree_verification,1,2048,,16.0,14.575318117141723,14.55462408065796,14.776118612289428,0.1323886126450667,NVIDIA GeForce RTX 4090,Qwen/Qwen2.5-7B-Instruct,fixed_forward_approx,success,,bfloat16,sdpa,True,2.5.1.post303,5.8.0,12.0,a09a35458c702b33eeacc393d103063234e8bc28,2048,1,20,100,cuda_device_elapsed,cuda:1,15528.763671875,target_verification_latency_full.csv
tree_verification,1,2048,,32.0,14.575318117141723,14.55462408065796,14.776118612289428,0.1323886126450667,NVIDIA GeForce RTX 4090,Qwen/Qwen2.5-7B-Instruct,fixed_forward_approx,success,,bfloat16,sdpa,True,2.5.1.post303,5.8.0,12.0,a09a35458c702b33eeacc393d103063234e8bc28,2048,1,20,100,cuda_device_elapsed,cuda:1,15528.763671875,target_verification_latency_full.csv
tree_verification,1,2048,,64.0,14.575318117141723,14.55462408065796,14.776118612289428,0.1323886126450667,NVIDIA GeForce RTX 4090,Qwen/Qwen2.5-7B-Instruct,fixed_forward_approx,success,,bfloat16,sdpa,True,2.5.1.post303,5.8.0,12.0,a09a35458c702b33eeacc393d103063234e8bc28,2048,1,20,100,cuda_device_elapsed,cuda:1,15528.763671875,target_verification_latency_full.csv
linear_verification,2,128,1.0,,15.243227834701536,15.237040042877195,15.31951847076416,0.0510833010800079,NVIDIA GeForce RTX 4090,Qwen/Qwen2.5-7B-Instruct,,success,,bfloat16,sdpa,True,2.5.1.post303,5.8.0,12.0,a09a35458c702b33eeacc393d103063234e8bc28,128,1,20,100,cuda_device_elapsed,cuda:1,14695.630859375,target_verification_latency_full.csv
linear_verification,2,128,2.0,,17.88507577896118,17.868303298950195,17.955695343017577,0.1442224498879133,NVIDIA GeForce RTX 4090,Qwen/Qwen2.5-7B-Instruct,,success,,bfloat16,sdpa,True,2.5.1.post303,5.8.0,12.0,a09a35458c702b33eeacc393d103063234e8bc28,128,2,20,100,cuda_device_elapsed,cuda:1,14695.740234375,target_verification_latency_full.csv
linear_verification,2,128,4.0,,17.745818881988527,17.73628807067871,17.817907428741456,0.0596885142109406,NVIDIA GeForce RTX 4090,Qwen/Qwen2.5-7B-Instruct,,success,,bfloat16,sdpa,True,2.5.1.post303,5.8.0,12.0,a09a35458c702b33eeacc393d103063234e8bc28,128,4,20,100,cuda_device_elapsed,cuda:1,14695.958984375,target_verification_latency_full.csv
linear_verification,2,128,8.0,,17.298262996673586,17.291407585144043,17.38373966217041,0.0531966042485943,NVIDIA GeForce RTX 4090,Qwen/Qwen2.5-7B-Instruct,,success,,bfloat16,sdpa,True,2.5.1.post303,5.8.0,12.0,a09a35458c702b33eeacc393d103063234e8bc28,128,8,20,100,cuda_device_elapsed,cuda:1,14696.396484375,target_verification_latency_full.csv
target_decode,2,128,,,15.30493158340454,15.294303894042969,15.390623950958252,0.057367045332092,NVIDIA GeForce RTX 4090,Qwen/Qwen2.5-7B-Instruct,,success,,bfloat16,sdpa,True,2.5.1.post303,5.8.0,12.0,a09a35458c702b33eeacc393d103063234e8bc28,128,1,20,100,cuda_device_elapsed,cuda:1,14695.630859375,target_verification_latency_full.csv
tree_verification,2,128,,8.0,15.289765796661378,15.286448001861572,15.370376014709471,0.0432087023377444,NVIDIA GeForce RTX 4090,Qwen/Qwen2.5-7B-Instruct,fixed_forward_approx,success,,bfloat16,sdpa,True,2.5.1.post303,5.8.0,12.0,a09a35458c702b33eeacc393d103063234e8bc28,128,1,20,100,cuda_device_elapsed,cuda:1,14695.630859375,target_verification_latency_full.csv
tree_verification,2,128,,16.0,15.289765796661378,15.286448001861572,15.370376014709471,0.0432087023377444,NVIDIA GeForce RTX 4090,Qwen/Qwen2.5-7B-Instruct,fixed_forward_approx,success,,bfloat16,sdpa,True,2.5.1.post303,5.8.0,12.0,a09a35458c702b33eeacc393d103063234e8bc28,128,1,20,100,cuda_device_elapsed,cuda:1,14695.630859375,target_verification_latency_full.csv
tree_verification,2,128,,32.0,15.289765796661378,15.286448001861572,15.370376014709471,0.0432087023377444,NVIDIA GeForce RTX 4090,Qwen/Qwen2.5-7B-Instruct,fixed_forward_approx,success,,bfloat16,sdpa,True,2.5.1.post303,5.8.0,12.0,a09a35458c702b33eeacc393d103063234e8bc28,128,1,20,100,cuda_device_elapsed,cuda:1,14695.630859375,target_verification_latency_full.csv
tree_verification,2,128,,64.0,15.289765796661378,15.286448001861572,15.370376014709471,0.0432087023377444,NVIDIA GeForce RTX 4090,Qwen/Qwen2.5-7B-Instruct,fixed_forward_approx,success,,bfloat16,sdpa,True,2.5.1.post303,5.8.0,12.0,a09a35458c702b33eeacc393d103063234e8bc28,128,1,20,100,cuda_device_elapsed,cuda:1,14695.630859375,target_verification_latency_full.csv
linear_verification,2,512,1.0,,15.251655378341674,15.221823692321776,15.326560115814209,0.1932142612297687,NVIDIA GeForce RTX 4090,Qwen/Qwen2.5-7B-Instruct,,success,,bfloat16,sdpa,True,2.5.1.post303,5.8.0,12.0,a09a35458c702b33eeacc393d103063234e8bc28,512,1,20,100,cuda_device_elapsed,cuda:1,15077.794921875,target_verification_latency_full.csv
linear_verification,2,512,2.0,,17.903080158233642,17.890304565429688,18.02406187057495,0.092612010335312,NVIDIA GeForce RTX 4090,Qwen/Qwen2.5-7B-Instruct,,success,,bfloat16,sdpa,True,2.5.1.post303,5.8.0,12.0,a09a35458c702b33eeacc393d103063234e8bc28,512,2,20,100,cuda_device_elapsed,cuda:1,15077.794921875,target_verification_latency_full.csv
linear_verification,2,512,4.0,,17.722402534484864,17.709599494934082,17.83326416015625,0.0738345066475992,NVIDIA GeForce RTX 4090,Qwen/Qwen2.5-7B-Instruct,,success,,bfloat16,sdpa,True,2.5.1.post303,5.8.0,12.0,a09a35458c702b33eeacc393d103063234e8bc28,512,4,20,100,cuda_device_elapsed,cuda:1,15077.794921875,target_verification_latency_full.csv
linear_verification,2,512,8.0,,17.290218505859375,17.283567428588867,17.367107772827147,0.0562083089321872,NVIDIA GeForce RTX 4090,Qwen/Qwen2.5-7B-Instruct,,success,,bfloat16,sdpa,True,2.5.1.post303,5.8.0,12.0,a09a35458c702b33eeacc393d103063234e8bc28,512,8,20,100,cuda_device_elapsed,cuda:1,15077.794921875,target_verification_latency_full.csv
target_decode,2,512,,,15.247433919906616,15.245840072631836,15.319532585144042,0.0517561953885746,NVIDIA GeForce RTX 4090,Qwen/Qwen2.5-7B-Instruct,,success,,bfloat16,sdpa,True,2.5.1.post303,5.8.0,12.0,a09a35458c702b33eeacc393d103063234e8bc28,512,1,20,100,cuda_device_elapsed,cuda:1,15077.794921875,target_verification_latency_full.csv
tree_verification,2,512,,8.0,15.191171884536743,15.190127849578856,15.266651105880737,0.043665550144574,NVIDIA GeForce RTX 4090,Qwen/Qwen2.5-7B-Instruct,fixed_forward_approx,success,,bfloat16,sdpa,True,2.5.1.post303,5.8.0,12.0,a09a35458c702b33eeacc393d103063234e8bc28,512,1,20,100,cuda_device_elapsed,cuda:1,15077.794921875,target_verification_latency_full.csv
tree_verification,2,512,,16.0,15.191171884536743,15.190127849578856,15.266651105880737,0.043665550144574,NVIDIA GeForce RTX 4090,Qwen/Qwen2.5-7B-Instruct,fixed_forward_approx,success,,bfloat16,sdpa,True,2.5.1.post303,5.8.0,12.0,a09a35458c702b33eeacc393d103063234e8bc28,512,1,20,100,cuda_device_elapsed,cuda:1,15077.794921875,target_verification_latency_full.csv
tree_verification,2,512,,32.0,15.191171884536743,15.190127849578856,15.266651105880737,0.043665550144574,NVIDIA GeForce RTX 4090,Qwen/Qwen2.5-7B-Instruct,fixed_forward_approx,success,,bfloat16,sdpa,True,2.5.1.post303,5.8.0,12.0,a09a35458c702b33eeacc393d103063234e8bc28,512,1,20,100,cuda_device_elapsed,cuda:1,15077.794921875,target_verification_latency_full.csv
tree_verification,2,512,,64.0,15.191171884536743,15.190127849578856,15.266651105880737,0.043665550144574,NVIDIA GeForce RTX 4090,Qwen/Qwen2.5-7B-Instruct,fixed_forward_approx,success,,bfloat16,sdpa,True,2.5.1.post303,5.8.0,12.0,a09a35458c702b33eeacc393d103063234e8bc28,512,1,20,100,cuda_device_elapsed,cuda:1,15077.794921875,target_verification_latency_full.csv
linear_verification,2,1024,1.0,,15.335428800582886,15.299680233001707,15.37777738571167,0.2583310327356058,NVIDIA GeForce RTX 4090,Qwen/Qwen2.5-7B-Instruct,,success,,bfloat16,sdpa,True,2.5.1.post303,5.8.0,12.0,a09a35458c702b33eeacc393d103063234e8bc28,1024,1,20,100,cuda_device_elapsed,cuda:1,15528.794921875,target_verification_latency_full.csv
linear_verification,2,1024,2.0,,17.932041893005373,17.926655769348145,18.02793045043945,0.0523315206262354,NVIDIA GeForce RTX 4090,Qwen/Qwen2.5-7B-Instruct,,success,,bfloat16,sdpa,True,2.5.1.post303,5.8.0,12.0,a09a35458c702b33eeacc393d103063234e8bc28,1024,2,20,100,cuda_device_elapsed,cuda:1,15528.888671875,target_verification_latency_full.csv
linear_verification,2,1024,4.0,,17.836515731811524,17.843152046203613,17.928503704071044,0.1161574706275415,NVIDIA GeForce RTX 4090,Qwen/Qwen2.5-7B-Instruct,,success,,bfloat16,sdpa,True,2.5.1.post303,5.8.0,12.0,a09a35458c702b33eeacc393d103063234e8bc28,1024,4,20,100,cuda_device_elapsed,cuda:1,15529.076171875,target_verification_latency_full.csv
linear_verification,2,1024,8.0,,17.308646068572997,17.30457592010498,17.375162887573243,0.0477206362477907,NVIDIA GeForce RTX 4090,Qwen/Qwen2.5-7B-Instruct,,success,,bfloat16,sdpa,True,2.5.1.post303,5.8.0,12.0,a09a35458c702b33eeacc393d103063234e8bc28,1024,8,20,100,cuda_device_elapsed,cuda:1,15529.451171875,target_verification_latency_full.csv
target_decode,2,1024,,,15.335514888763427,15.322512149810793,15.42758102416992,0.1009844327243539,NVIDIA GeForce RTX 4090,Qwen/Qwen2.5-7B-Instruct,,success,,bfloat16,sdpa,True,2.5.1.post303,5.8.0,12.0,a09a35458c702b33eeacc393d103063234e8bc28,1024,1,20,100,cuda_device_elapsed,cuda:1,15528.794921875,target_verification_latency_full.csv
tree_verification,2,1024,,8.0,15.270606355667114,15.26476764678955,15.35615644454956,0.043133014275136,NVIDIA GeForce RTX 4090,Qwen/Qwen2.5-7B-Instruct,fixed_forward_approx,success,,bfloat16,sdpa,True,2.5.1.post303,5.8.0,12.0,a09a35458c702b33eeacc393d103063234e8bc28,1024,1,20,100,cuda_device_elapsed,cuda:1,15528.794921875,target_verification_latency_full.csv
tree_verification,2,1024,,16.0,15.270606355667114,15.26476764678955,15.35615644454956,0.043133014275136,NVIDIA GeForce RTX 4090,Qwen/Qwen2.5-7B-Instruct,fixed_forward_approx,success,,bfloat16,sdpa,True,2.5.1.post303,5.8.0,12.0,a09a35458c702b33eeacc393d103063234e8bc28,1024,1,20,100,cuda_device_elapsed,cuda:1,15528.794921875,target_verification_latency_full.csv
tree_verification,2,1024,,32.0,15.270606355667114,15.26476764678955,15.35615644454956,0.043133014275136,NVIDIA GeForce RTX 4090,Qwen/Qwen2.5-7B-Instruct,fixed_forward_approx,success,,bfloat16,sdpa,True,2.5.1.post303,5.8.0,12.0,a09a35458c702b33eeacc393d103063234e8bc28,1024,1,20,100,cuda_device_elapsed,cuda:1,15528.794921875,target_verification_latency_full.csv
tree_verification,2,1024,,64.0,15.270606355667114,15.26476764678955,15.35615644454956,0.043133014275136,NVIDIA GeForce RTX 4090,Qwen/Qwen2.5-7B-Instruct,fixed_forward_approx,success,,bfloat16,sdpa,True,2.5.1.post303,5.8.0,12.0,a09a35458c702b33eeacc393d103063234e8bc28,1024,1,20,100,cuda_device_elapsed,cuda:1,15528.794921875,target_verification_latency_full.csv
linear_verification,2,2048,1.0,,15.349917488098145,15.341136455535889,15.466035413742066,0.0854919649987349,NVIDIA GeForce RTX 4090,Qwen/Qwen2.5-7B-Instruct,,success,,bfloat16,sdpa,True,2.5.1.post303,5.8.0,12.0,a09a35458c702b33eeacc393d103063234e8bc28,2048,1,20,100,cuda_device_elapsed,cuda:1,16465.423828125,target_verification_latency_full.csv
linear_verification,2,2048,2.0,,17.95278076171875,17.94286346435547,18.10764741897583,0.0725369383768796,NVIDIA GeForce RTX 4090,Qwen/Qwen2.5-7B-Instruct,,success,,bfloat16,sdpa,True,2.5.1.post303,5.8.0,12.0,a09a35458c702b33eeacc393d103063234e8bc28,2048,2,20,100,cuda_device_elapsed,cuda:1,16465.583984375,target_verification_latency_full.csv
linear_verification,2,2048,4.0,,17.777914905548094,17.756752014160156,17.8906099319458,0.1216079759313504,NVIDIA GeForce RTX 4090,Qwen/Qwen2.5-7B-Instruct,,success,,bfloat16,sdpa,True,2.5.1.post303,5.8.0,12.0,a09a35458c702b33eeacc393d103063234e8bc28,2048,4,20,100,cuda_device_elapsed,cuda:1,16465.904296875,target_verification_latency_full.csv
linear_verification,2,2048,8.0,,17.438632316589356,17.423359870910645,17.556523895263673,0.1076225337981026,NVIDIA GeForce RTX 4090,Qwen/Qwen2.5-7B-Instruct,,success,,bfloat16,sdpa,True,2.5.1.post303,5.8.0,12.0,a09a35458c702b33eeacc393d103063234e8bc28,2048,8,20,100,cuda_device_elapsed,cuda:1,16466.544921875,target_verification_latency_full.csv
target_decode,2,2048,,,15.387141094207765,15.37433624267578,15.446169900894166,0.1012087034145939,NVIDIA GeForce RTX 4090,Qwen/Qwen2.5-7B-Instruct,,success,,bfloat16,sdpa,True,2.5.1.post303,5.8.0,12.0,a09a35458c702b33eeacc393d103063234e8bc28,2048,1,20,100,cuda_device_elapsed,cuda:1,16465.423828125,target_verification_latency_full.csv
tree_verification,2,2048,,8.0,15.35314302444458,15.353023529052734,15.492422819137571,0.1116814426157223,NVIDIA GeForce RTX 4090,Qwen/Qwen2.5-7B-Instruct,fixed_forward_approx,success,,bfloat16,sdpa,True,2.5.1.post303,5.8.0,12.0,a09a35458c702b33eeacc393d103063234e8bc28,2048,1,20,100,cuda_device_elapsed,cuda:1,16465.423828125,target_verification_latency_full.csv
tree_verification,2,2048,,16.0,15.35314302444458,15.353023529052734,15.492422819137571,0.1116814426157223,NVIDIA GeForce RTX 4090,Qwen/Qwen2.5-7B-Instruct,fixed_forward_approx,success,,bfloat16,sdpa,True,2.5.1.post303,5.8.0,12.0,a09a35458c702b33eeacc393d103063234e8bc28,2048,1,20,100,cuda_device_elapsed,cuda:1,16465.423828125,target_verification_latency_full.csv
tree_verification,2,2048,,32.0,15.35314302444458,15.353023529052734,15.492422819137571,0.1116814426157223,NVIDIA GeForce RTX 4090,Qwen/Qwen2.5-7B-Instruct,fixed_forward_approx,success,,bfloat16,sdpa,True,2.5.1.post303,5.8.0,12.0,a09a35458c702b33eeacc393d103063234e8bc28,2048,1,20,100,cuda_device_elapsed,cuda:1,16465.423828125,target_verification_latency_full.csv
tree_verification,2,2048,,64.0,15.35314302444458,15.353023529052734,15.492422819137571,0.1116814426157223,NVIDIA GeForce RTX 4090,Qwen/Qwen2.5-7B-Instruct,fixed_forward_approx,success,,bfloat16,sdpa,True,2.5.1.post303,5.8.0,12.0,a09a35458c702b33eeacc393d103063234e8bc28,2048,1,20,100,cuda_device_elapsed,cuda:1,16465.423828125,target_verification_latency_full.csv
linear_verification,4,128,1.0,,15.295994548797609,15.288352012634276,15.37873945236206,0.050844070668895,NVIDIA GeForce RTX 4090,Qwen/Qwen2.5-7B-Instruct,,success,,bfloat16,sdpa,True,2.5.1.post303,5.8.0,12.0,a09a35458c702b33eeacc393d103063234e8bc28,128,1,20,100,cuda_device_elapsed,cuda:1,14812.99609375,target_verification_latency_full.csv
linear_verification,4,128,2.0,,17.833045597076417,17.82004737854004,17.984990692138673,0.0867651706034342,NVIDIA GeForce RTX 4090,Qwen/Qwen2.5-7B-Instruct,,success,,bfloat16,sdpa,True,2.5.1.post303,5.8.0,12.0,a09a35458c702b33eeacc393d103063234e8bc28,128,2,20,100,cuda_device_elapsed,cuda:1,14813.21484375,target_verification_latency_full.csv
linear_verification,4,128,4.0,,17.848422355651856,17.835552215576172,17.946630859375,0.0872997006324018,NVIDIA GeForce RTX 4090,Qwen/Qwen2.5-7B-Instruct,,success,,bfloat16,sdpa,True,2.5.1.post303,5.8.0,12.0,a09a35458c702b33eeacc393d103063234e8bc28,128,4,20,100,cuda_device_elapsed,cuda:1,14813.65234375,target_verification_latency_full.csv
linear_verification,4,128,8.0,,17.831471633911132,17.828527450561523,17.905468940734863,0.0540039149939899,NVIDIA GeForce RTX 4090,Qwen/Qwen2.5-7B-Instruct,,success,,bfloat16,sdpa,True,2.5.1.post303,5.8.0,12.0,a09a35458c702b33eeacc393d103063234e8bc28,128,8,20,100,cuda_device_elapsed,cuda:1,14814.52734375,target_verification_latency_full.csv
target_decode,4,128,,,15.357879753112792,15.348400115966797,15.457444953918458,0.0515143494438716,NVIDIA GeForce RTX 4090,Qwen/Qwen2.5-7B-Instruct,,success,,bfloat16,sdpa,True,2.5.1.post303,5.8.0,12.0,a09a35458c702b33eeacc393d103063234e8bc28,128,1,20,100,cuda_device_elapsed,cuda:1,14812.99609375,target_verification_latency_full.csv
tree_verification,4,128,,8.0,15.30866147994995,15.301839828491213,15.3846622467041,0.0553743547555225,NVIDIA GeForce RTX 4090,Qwen/Qwen2.5-7B-Instruct,fixed_forward_approx,success,,bfloat16,sdpa,True,2.5.1.post303,5.8.0,12.0,a09a35458c702b33eeacc393d103063234e8bc28,128,1,20,100,cuda_device_elapsed,cuda:1,14812.99609375,target_verification_latency_full.csv
tree_verification,4,128,,16.0,15.30866147994995,15.301839828491213,15.3846622467041,0.0553743547555225,NVIDIA GeForce RTX 4090,Qwen/Qwen2.5-7B-Instruct,fixed_forward_approx,success,,bfloat16,sdpa,True,2.5.1.post303,5.8.0,12.0,a09a35458c702b33eeacc393d103063234e8bc28,128,1,20,100,cuda_device_elapsed,cuda:1,14812.99609375,target_verification_latency_full.csv
tree_verification,4,128,,32.0,15.30866147994995,15.301839828491213,15.3846622467041,0.0553743547555225,NVIDIA GeForce RTX 4090,Qwen/Qwen2.5-7B-Instruct,fixed_forward_approx,success,,bfloat16,sdpa,True,2.5.1.post303,5.8.0,12.0,a09a35458c702b33eeacc393d103063234e8bc28,128,1,20,100,cuda_device_elapsed,cuda:1,14812.99609375,target_verification_latency_full.csv
tree_verification,4,128,,64.0,15.30866147994995,15.301839828491213,15.3846622467041,0.0553743547555225,NVIDIA GeForce RTX 4090,Qwen/Qwen2.5-7B-Instruct,fixed_forward_approx,success,,bfloat16,sdpa,True,2.5.1.post303,5.8.0,12.0,a09a35458c702b33eeacc393d103063234e8bc28,128,1,20,100,cuda_device_elapsed,cuda:1,14812.99609375,target_verification_latency_full.csv
linear_verification,4,512,1.0,,15.349958372116088,15.34715223312378,15.423683261871338,0.0397888427131028,NVIDIA GeForce RTX 4090,Qwen/Qwen2.5-7B-Instruct,,success,,bfloat16,sdpa,True,2.5.1.post303,5.8.0,12.0,a09a35458c702b33eeacc393d103063234e8bc28,512,1,20,100,cuda_device_elapsed,cuda:1,15528.880859375,target_verification_latency_full.csv
linear_verification,4,512,2.0,,17.812095623016358,17.80019187927246,17.90556640625,0.071216787862024,NVIDIA GeForce RTX 4090,Qwen/Qwen2.5-7B-Instruct,,success,,bfloat16,sdpa,True,2.5.1.post303,5.8.0,12.0,a09a35458c702b33eeacc393d103063234e8bc28,512,2,20,100,cuda_device_elapsed,cuda:1,15529.068359375,target_verification_latency_full.csv
linear_verification,4,512,4.0,,17.84243553161621,17.82907199859619,17.940970516204835,0.0576980252468732,NVIDIA GeForce RTX 4090,Qwen/Qwen2.5-7B-Instruct,,success,,bfloat16,sdpa,True,2.5.1.post303,5.8.0,12.0,a09a35458c702b33eeacc393d103063234e8bc28,512,4,20,100,cuda_device_elapsed,cuda:1,15529.443359375,target_verification_latency_full.csv
linear_verification,4,512,8.0,,17.74040740966797,17.730000495910645,17.851592445373534,0.0530317398034978,NVIDIA GeForce RTX 4090,Qwen/Qwen2.5-7B-Instruct,,success,,bfloat16,sdpa,True,2.5.1.post303,5.8.0,12.0,a09a35458c702b33eeacc393d103063234e8bc28,512,8,20,100,cuda_device_elapsed,cuda:1,15530.193359375,target_verification_latency_full.csv
target_decode,4,512,,,15.315598096847534,15.304111957550049,15.369206476211549,0.1112002055488655,NVIDIA GeForce RTX 4090,Qwen/Qwen2.5-7B-Instruct,,success,,bfloat16,sdpa,True,2.5.1.post303,5.8.0,12.0,a09a35458c702b33eeacc393d103063234e8bc28,512,1,20,100,cuda_device_elapsed,cuda:1,15528.880859375,target_verification_latency_full.csv
tree_verification,4,512,,8.0,15.29594591140747,15.279615879058838,15.388638067245484,0.1068217046794668,NVIDIA GeForce RTX 4090,Qwen/Qwen2.5-7B-Instruct,fixed_forward_approx,success,,bfloat16,sdpa,True,2.5.1.post303,5.8.0,12.0,a09a35458c702b33eeacc393d103063234e8bc28,512,1,20,100,cuda_device_elapsed,cuda:1,15528.880859375,target_verification_latency_full.csv
tree_verification,4,512,,16.0,15.29594591140747,15.279615879058838,15.388638067245484,0.1068217046794668,NVIDIA GeForce RTX 4090,Qwen/Qwen2.5-7B-Instruct,fixed_forward_approx,success,,bfloat16,sdpa,True,2.5.1.post303,5.8.0,12.0,a09a35458c702b33eeacc393d103063234e8bc28,512,1,20,100,cuda_device_elapsed,cuda:1,15528.880859375,target_verification_latency_full.csv
tree_verification,4,512,,32.0,15.29594591140747,15.279615879058838,15.388638067245484,0.1068217046794668,NVIDIA GeForce RTX 4090,Qwen/Qwen2.5-7B-Instruct,fixed_forward_approx,success,,bfloat16,sdpa,True,2.5.1.post303,5.8.0,12.0,a09a35458c702b33eeacc393d103063234e8bc28,512,1,20,100,cuda_device_elapsed,cuda:1,15528.880859375,target_verification_latency_full.csv
tree_verification,4,512,,64.0,15.29594591140747,15.279615879058838,15.388638067245484,0.1068217046794668,NVIDIA GeForce RTX 4090,Qwen/Qwen2.5-7B-Instruct,fixed_forward_approx,success,,bfloat16,sdpa,True,2.5.1.post303,5.8.0,12.0,a09a35458c702b33eeacc393d103063234e8bc28,512,1,20,100,cuda_device_elapsed,cuda:1,15528.880859375,target_verification_latency_full.csv
linear_verification,4,1024,1.0,,15.377755489349363,15.374335765838625,15.46214418411255,0.1007421285274691,NVIDIA GeForce RTX 4090,Qwen/Qwen2.5-7B-Instruct,,success,,bfloat16,sdpa,True,2.5.1.post303,5.8.0,12.0,a09a35458c702b33eeacc393d103063234e8bc28,1024,1,20,100,cuda_device_elapsed,cuda:1,16465.568359375,target_verification_latency_full.csv
linear_verification,4,1024,2.0,,17.89322645187378,17.873519897460938,18.012208938598633,0.1048717367111057,NVIDIA GeForce RTX 4090,Qwen/Qwen2.5-7B-Instruct,,success,,bfloat16,sdpa,True,2.5.1.post303,5.8.0,12.0,a09a35458c702b33eeacc393d103063234e8bc28,1024,2,20,100,cuda_device_elapsed,cuda:1,16465.888671875,target_verification_latency_full.csv
linear_verification,4,1024,4.0,,17.910537586212158,17.90156841278076,18.02901163101196,0.0692680697764779,NVIDIA GeForce RTX 4090,Qwen/Qwen2.5-7B-Instruct,,success,,bfloat16,sdpa,True,2.5.1.post303,5.8.0,12.0,a09a35458c702b33eeacc393d103063234e8bc28,1024,4,20,100,cuda_device_elapsed,cuda:1,16466.529296875,target_verification_latency_full.csv
linear_verification,4,1024,8.0,,17.83858491897583,17.8221435546875,17.943134212493895,0.1127289597466457,NVIDIA GeForce RTX 4090,Qwen/Qwen2.5-7B-Instruct,,success,,bfloat16,sdpa,True,2.5.1.post303,5.8.0,12.0,a09a35458c702b33eeacc393d103063234e8bc28,1024,8,20,100,cuda_device_elapsed,cuda:1,16467.810546875,target_verification_latency_full.csv
target_decode,4,1024,,,15.370894689559936,15.339888095855711,15.543143892288208,0.1961420314899991,NVIDIA GeForce RTX 4090,Qwen/Qwen2.5-7B-Instruct,,success,,bfloat16,sdpa,True,2.5.1.post303,5.8.0,12.0,a09a35458c702b33eeacc393d103063234e8bc28,1024,1,20,100,cuda_device_elapsed,cuda:1,16465.568359375,target_verification_latency_full.csv
tree_verification,4,1024,,8.0,15.395663347244264,15.36470365524292,15.56817922592163,0.1582209366323046,NVIDIA GeForce RTX 4090,Qwen/Qwen2.5-7B-Instruct,fixed_forward_approx,success,,bfloat16,sdpa,True,2.5.1.post303,5.8.0,12.0,a09a35458c702b33eeacc393d103063234e8bc28,1024,1,20,100,cuda_device_elapsed,cuda:1,16465.568359375,target_verification_latency_full.csv
tree_verification,4,1024,,16.0,15.395663347244264,15.36470365524292,15.56817922592163,0.1582209366323046,NVIDIA GeForce RTX 4090,Qwen/Qwen2.5-7B-Instruct,fixed_forward_approx,success,,bfloat16,sdpa,True,2.5.1.post303,5.8.0,12.0,a09a35458c702b33eeacc393d103063234e8bc28,1024,1,20,100,cuda_device_elapsed,cuda:1,16465.568359375,target_verification_latency_full.csv
tree_verification,4,1024,,32.0,15.395663347244264,15.36470365524292,15.56817922592163,0.1582209366323046,NVIDIA GeForce RTX 4090,Qwen/Qwen2.5-7B-Instruct,fixed_forward_approx,success,,bfloat16,sdpa,True,2.5.1.post303,5.8.0,12.0,a09a35458c702b33eeacc393d103063234e8bc28,1024,1,20,100,cuda_device_elapsed,cuda:1,16465.568359375,target_verification_latency_full.csv
tree_verification,4,1024,,64.0,15.395663347244264,15.36470365524292,15.56817922592163,0.1582209366323046,NVIDIA GeForce RTX 4090,Qwen/Qwen2.5-7B-Instruct,fixed_forward_approx,success,,bfloat16,sdpa,True,2.5.1.post303,5.8.0,12.0,a09a35458c702b33eeacc393d103063234e8bc28,1024,1,20,100,cuda_device_elapsed,cuda:1,16465.568359375,target_verification_latency_full.csv
linear_verification,4,2048,1.0,,15.48338815689087,15.447968006134031,15.63931646347046,0.1467120813323886,NVIDIA GeForce RTX 4090,Qwen/Qwen2.5-7B-Instruct,,success,,bfloat16,sdpa,True,2.5.1.post303,5.8.0,12.0,a09a35458c702b33eeacc393d103063234e8bc28,2048,1,20,100,cuda_device_elapsed,cuda:1,18353.728515625,target_verification_latency_full.csv
linear_verification,4,2048,2.0,,17.93797466278076,17.895743370056152,18.19791316986084,0.1916666946324969,NVIDIA GeForce RTX 4090,Qwen/Qwen2.5-7B-Instruct,,success,,bfloat16,sdpa,True,2.5.1.post303,5.8.0,12.0,a09a35458c702b33eeacc393d103063234e8bc28,2048,2,20,100,cuda_device_elapsed,cuda:1,18354.099609375,target_verification_latency_full.csv
linear_verification,4,2048,4.0,,18.04682493209839,18.00499153137207,18.339620685577398,0.1648384075777578,NVIDIA GeForce RTX 4090,Qwen/Qwen2.5-7B-Instruct,,success,,bfloat16,sdpa,True,2.5.1.post303,5.8.0,12.0,a09a35458c702b33eeacc393d103063234e8bc28,2048,4,20,100,cuda_device_elapsed,cuda:1,18354.841796875,target_verification_latency_full.csv
linear_verification,4,2048,8.0,,17.973846988677977,17.929216384887695,18.237174224853515,0.1671962199802806,NVIDIA GeForce RTX 4090,Qwen/Qwen2.5-7B-Instruct,,success,,bfloat16,sdpa,True,2.5.1.post303,5.8.0,12.0,a09a35458c702b33eeacc393d103063234e8bc28,2048,8,20,100,cuda_device_elapsed,cuda:1,18355.513671875,target_verification_latency_full.csv
target_decode,4,2048,,,15.464462089538577,15.434271812438965,15.63771071434021,0.1499984029108584,NVIDIA GeForce RTX 4090,Qwen/Qwen2.5-7B-Instruct,,success,,bfloat16,sdpa,True,2.5.1.post303,5.8.0,12.0,a09a35458c702b33eeacc393d103063234e8bc28,2048,1,20,100,cuda_device_elapsed,cuda:1,18353.728515625,target_verification_latency_full.csv
tree_verification,4,2048,,8.0,15.5422025680542,15.481328010559082,15.987868928909302,0.2236484579312531,NVIDIA GeForce RTX 4090,Qwen/Qwen2.5-7B-Instruct,fixed_forward_approx,success,,bfloat16,sdpa,True,2.5.1.post303,5.8.0,12.0,a09a35458c702b33eeacc393d103063234e8bc28,2048,1,20,100,cuda_device_elapsed,cuda:1,18353.728515625,target_verification_latency_full.csv
tree_verification,4,2048,,16.0,15.5422025680542,15.481328010559082,15.987868928909302,0.2236484579312531,NVIDIA GeForce RTX 4090,Qwen/Qwen2.5-7B-Instruct,fixed_forward_approx,success,,bfloat16,sdpa,True,2.5.1.post303,5.8.0,12.0,a09a35458c702b33eeacc393d103063234e8bc28,2048,1,20,100,cuda_device_elapsed,cuda:1,18353.728515625,target_verification_latency_full.csv
tree_verification,4,2048,,32.0,15.5422025680542,15.481328010559082,15.987868928909302,0.2236484579312531,NVIDIA GeForce RTX 4090,Qwen/Qwen2.5-7B-Instruct,fixed_forward_approx,success,,bfloat16,sdpa,True,2.5.1.post303,5.8.0,12.0,a09a35458c702b33eeacc393d103063234e8bc28,2048,1,20,100,cuda_device_elapsed,cuda:1,18353.728515625,target_verification_latency_full.csv
tree_verification,4,2048,,64.0,15.5422025680542,15.481328010559082,15.987868928909302,0.2236484579312531,NVIDIA GeForce RTX 4090,Qwen/Qwen2.5-7B-Instruct,fixed_forward_approx,success,,bfloat16,sdpa,True,2.5.1.post303,5.8.0,12.0,a09a35458c702b33eeacc393d103063234e8bc28,2048,1,20,100,cuda_device_elapsed,cuda:1,18353.728515625,target_verification_latency_full.csv
linear_verification,8,128,1.0,,15.224394550323488,15.216560363769531,15.299984359741211,0.0469707152530313,NVIDIA GeForce RTX 4090,Qwen/Qwen2.5-7B-Instruct,,success,,bfloat16,sdpa,True,2.5.1.post303,5.8.0,12.0,a09a35458c702b33eeacc393d103063234e8bc28,128,1,20,100,cuda_device_elapsed,cuda:1,15077.7890625,target_verification_latency_full.csv
linear_verification,8,128,2.0,,17.913407039642333,17.905152320861816,17.995558643341063,0.0544890242096984,NVIDIA GeForce RTX 4090,Qwen/Qwen2.5-7B-Instruct,,success,,bfloat16,sdpa,True,2.5.1.post303,5.8.0,12.0,a09a35458c702b33eeacc393d103063234e8bc28,128,2,20,100,cuda_device_elapsed,cuda:1,15077.7890625,target_verification_latency_full.csv
linear_verification,8,128,4.0,,18.260117473602296,18.257328033447266,18.33231611251831,0.0507344333738902,NVIDIA GeForce RTX 4090,Qwen/Qwen2.5-7B-Instruct,,success,,bfloat16,sdpa,True,2.5.1.post303,5.8.0,12.0,a09a35458c702b33eeacc393d103063234e8bc28,128,4,20,100,cuda_device_elapsed,cuda:1,15077.7890625,target_verification_latency_full.csv
linear_verification,8,128,8.0,,18.01951431274414,18.01844882965088,18.105000495910645,0.0768713444969694,NVIDIA GeForce RTX 4090,Qwen/Qwen2.5-7B-Instruct,,success,,bfloat16,sdpa,True,2.5.1.post303,5.8.0,12.0,a09a35458c702b33eeacc393d103063234e8bc28,128,8,20,100,cuda_device_elapsed,cuda:1,15077.7890625,target_verification_latency_full.csv
target_decode,8,128,,,15.216757717132568,15.20739221572876,15.29281439781189,0.0626318884153581,NVIDIA GeForce RTX 4090,Qwen/Qwen2.5-7B-Instruct,,success,,bfloat16,sdpa,True,2.5.1.post303,5.8.0,12.0,a09a35458c702b33eeacc393d103063234e8bc28,128,1,20,100,cuda_device_elapsed,cuda:1,15077.7890625,target_verification_latency_full.csv
tree_verification,8,128,,8.0,15.18522946357727,15.181824207305908,15.301990222930907,0.077575579252848,NVIDIA GeForce RTX 4090,Qwen/Qwen2.5-7B-Instruct,fixed_forward_approx,success,,bfloat16,sdpa,True,2.5.1.post303,5.8.0,12.0,a09a35458c702b33eeacc393d103063234e8bc28,128,1,20,100,cuda_device_elapsed,cuda:1,15077.7890625,target_verification_latency_full.csv
tree_verification,8,128,,16.0,15.18522946357727,15.181824207305908,15.301990222930907,0.077575579252848,NVIDIA GeForce RTX 4090,Qwen/Qwen2.5-7B-Instruct,fixed_forward_approx,success,,bfloat16,sdpa,True,2.5.1.post303,5.8.0,12.0,a09a35458c702b33eeacc393d103063234e8bc28,128,1,20,100,cuda_device_elapsed,cuda:1,15077.7890625,target_verification_latency_full.csv
tree_verification,8,128,,32.0,15.18522946357727,15.181824207305908,15.301990222930907,0.077575579252848,NVIDIA GeForce RTX 4090,Qwen/Qwen2.5-7B-Instruct,fixed_forward_approx,success,,bfloat16,sdpa,True,2.5.1.post303,5.8.0,12.0,a09a35458c702b33eeacc393d103063234e8bc28,128,1,20,100,cuda_device_elapsed,cuda:1,15077.7890625,target_verification_latency_full.csv
tree_verification,8,128,,64.0,15.18522946357727,15.181824207305908,15.301990222930907,0.077575579252848,NVIDIA GeForce RTX 4090,Qwen/Qwen2.5-7B-Instruct,fixed_forward_approx,success,,bfloat16,sdpa,True,2.5.1.post303,5.8.0,12.0,a09a35458c702b33eeacc393d103063234e8bc28,128,1,20,100,cuda_device_elapsed,cuda:1,15077.7890625,target_verification_latency_full.csv
linear_verification,8,512,1.0,,15.270748138427734,15.26968002319336,15.33207049369812,0.0529415548436401,NVIDIA GeForce RTX 4090,Qwen/Qwen2.5-7B-Instruct,,success,,bfloat16,sdpa,True,2.5.1.post303,5.8.0,12.0,a09a35458c702b33eeacc393d103063234e8bc28,512,1,20,100,cuda_device_elapsed,cuda:1,16465.677734375,target_verification_latency_full.csv
linear_verification,8,512,2.0,,17.94068353652954,17.928144454956055,18.04218549728393,0.1090013961508721,NVIDIA GeForce RTX 4090,Qwen/Qwen2.5-7B-Instruct,,success,,bfloat16,sdpa,True,2.5.1.post303,5.8.0,12.0,a09a35458c702b33eeacc393d103063234e8bc28,512,2,20,100,cuda_device_elapsed,cuda:1,16466.115234375,target_verification_latency_full.csv
linear_verification,8,512,4.0,,18.37439994812012,18.36297607421875,18.512858295440672,0.1263317849683512,NVIDIA GeForce RTX 4090,Qwen/Qwen2.5-7B-Instruct,,success,,bfloat16,sdpa,True,2.5.1.post303,5.8.0,12.0,a09a35458c702b33eeacc393d103063234e8bc28,512,4,20,100,cuda_device_elapsed,cuda:1,16466.990234375,target_verification_latency_full.csv
linear_verification,8,512,8.0,,18.108241310119627,18.09203147888184,18.239990139007567,0.1021291570309416,NVIDIA GeForce RTX 4090,Qwen/Qwen2.5-7B-Instruct,,success,,bfloat16,sdpa,True,2.5.1.post303,5.8.0,12.0,a09a35458c702b33eeacc393d103063234e8bc28,512,8,20,100,cuda_device_elapsed,cuda:1,16468.740234375,target_verification_latency_full.csv
target_decode,8,512,,,15.28703902244568,15.261695861816406,15.446904039382934,0.1106850845111099,NVIDIA GeForce RTX 4090,Qwen/Qwen2.5-7B-Instruct,,success,,bfloat16,sdpa,True,2.5.1.post303,5.8.0,12.0,a09a35458c702b33eeacc393d103063234e8bc28,512,1,20,100,cuda_device_elapsed,cuda:1,16465.677734375,target_verification_latency_full.csv
tree_verification,8,512,,8.0,15.26043462753296,15.23956823348999,15.364403581619262,0.1093405261119251,NVIDIA GeForce RTX 4090,Qwen/Qwen2.5-7B-Instruct,fixed_forward_approx,success,,bfloat16,sdpa,True,2.5.1.post303,5.8.0,12.0,a09a35458c702b33eeacc393d103063234e8bc28,512,1,20,100,cuda_device_elapsed,cuda:1,16465.677734375,target_verification_latency_full.csv
tree_verification,8,512,,16.0,15.26043462753296,15.23956823348999,15.364403581619262,0.1093405261119251,NVIDIA GeForce RTX 4090,Qwen/Qwen2.5-7B-Instruct,fixed_forward_approx,success,,bfloat16,sdpa,True,2.5.1.post303,5.8.0,12.0,a09a35458c702b33eeacc393d103063234e8bc28,512,1,20,100,cuda_device_elapsed,cuda:1,16465.677734375,target_verification_latency_full.csv
tree_verification,8,512,,32.0,15.26043462753296,15.23956823348999,15.364403581619262,0.1093405261119251,NVIDIA GeForce RTX 4090,Qwen/Qwen2.5-7B-Instruct,fixed_forward_approx,success,,bfloat16,sdpa,True,2.5.1.post303,5.8.0,12.0,a09a35458c702b33eeacc393d103063234e8bc28,512,1,20,100,cuda_device_elapsed,cuda:1,16465.677734375,target_verification_latency_full.csv
tree_verification,8,512,,64.0,15.26043462753296,15.23956823348999,15.364403581619262,0.1093405261119251,NVIDIA GeForce RTX 4090,Qwen/Qwen2.5-7B-Instruct,fixed_forward_approx,success,,bfloat16,sdpa,True,2.5.1.post303,5.8.0,12.0,a09a35458c702b33eeacc393d103063234e8bc28,512,1,20,100,cuda_device_elapsed,cuda:1,16465.677734375,target_verification_latency_full.csv
linear_verification,8,1024,1.0,,15.343871984481812,15.3057279586792,15.519913530349733,0.1615638510294241,NVIDIA GeForce RTX 4090,Qwen/Qwen2.5-7B-Instruct,,success,,bfloat16,sdpa,True,2.5.1.post303,5.8.0,12.0,a09a35458c702b33eeacc393d103063234e8bc28,1024,1,20,100,cuda_device_elapsed,cuda:1,18353.865234375,target_verification_latency_full.csv
linear_verification,8,1024,2.0,,18.014415073394776,17.985600471496582,18.31161108016968,0.187389397221977,NVIDIA GeForce RTX 4090,Qwen/Qwen2.5-7B-Instruct,,success,,bfloat16,sdpa,True,2.5.1.post303,5.8.0,12.0,a09a35458c702b33eeacc393d103063234e8bc28,1024,2,20,100,cuda_device_elapsed,cuda:1,18354.388671875,target_verification_latency_full.csv
linear_verification,8,1024,4.0,,18.35205223083496,18.307680130004883,18.62599649429321,0.1590524650990784,NVIDIA GeForce RTX 4090,Qwen/Qwen2.5-7B-Instruct,,success,,bfloat16,sdpa,True,2.5.1.post303,5.8.0,12.0,a09a35458c702b33eeacc393d103063234e8bc28,1024,4,20,100,cuda_device_elapsed,cuda:1,18355.435546875,target_verification_latency_full.csv
linear_verification,8,1024,8.0,,18.24721702575684,18.19430351257324,18.643621826171877,0.1946516323915532,NVIDIA GeForce RTX 4090,Qwen/Qwen2.5-7B-Instruct,,success,,bfloat16,sdpa,True,2.5.1.post303,5.8.0,12.0,a09a35458c702b33eeacc393d103063234e8bc28,1024,8,20,100,cuda_device_elapsed,cuda:1,18357.529296875,target_verification_latency_full.csv
target_decode,8,1024,,,15.328063974380491,15.293439865112305,15.655367755889891,0.1806650924344914,NVIDIA GeForce RTX 4090,Qwen/Qwen2.5-7B-Instruct,,success,,bfloat16,sdpa,True,2.5.1.post303,5.8.0,12.0,a09a35458c702b33eeacc393d103063234e8bc28,1024,1,20,100,cuda_device_elapsed,cuda:1,18353.865234375,target_verification_latency_full.csv
tree_verification,8,1024,,8.0,15.348420486450197,15.296351909637451,15.728486680984496,0.1691850398838787,NVIDIA GeForce RTX 4090,Qwen/Qwen2.5-7B-Instruct,fixed_forward_approx,success,,bfloat16,sdpa,True,2.5.1.post303,5.8.0,12.0,a09a35458c702b33eeacc393d103063234e8bc28,1024,1,20,100,cuda_device_elapsed,cuda:1,18353.865234375,target_verification_latency_full.csv
tree_verification,8,1024,,16.0,15.348420486450197,15.296351909637451,15.728486680984496,0.1691850398838787,NVIDIA GeForce RTX 4090,Qwen/Qwen2.5-7B-Instruct,fixed_forward_approx,success,,bfloat16,sdpa,True,2.5.1.post303,5.8.0,12.0,a09a35458c702b33eeacc393d103063234e8bc28,1024,1,20,100,cuda_device_elapsed,cuda:1,18353.865234375,target_verification_latency_full.csv
tree_verification,8,1024,,32.0,15.348420486450197,15.296351909637451,15.728486680984496,0.1691850398838787,NVIDIA GeForce RTX 4090,Qwen/Qwen2.5-7B-Instruct,fixed_forward_approx,success,,bfloat16,sdpa,True,2.5.1.post303,5.8.0,12.0,a09a35458c702b33eeacc393d103063234e8bc28,1024,1,20,100,cuda_device_elapsed,cuda:1,18353.865234375,target_verification_latency_full.csv
tree_verification,8,1024,,64.0,15.348420486450197,15.296351909637451,15.728486680984496,0.1691850398838787,NVIDIA GeForce RTX 4090,Qwen/Qwen2.5-7B-Instruct,fixed_forward_approx,success,,bfloat16,sdpa,True,2.5.1.post303,5.8.0,12.0,a09a35458c702b33eeacc393d103063234e8bc28,1024,1,20,100,cuda_device_elapsed,cuda:1,18353.865234375,target_verification_latency_full.csv
linear_verification,8,2048,1.0,,21.94245246887207,21.92588806152344,22.137092113494877,0.0889752341103927,NVIDIA GeForce RTX 4090,Qwen/Qwen2.5-7B-Instruct,,success,,bfloat16,sdpa,True,2.5.1.post303,5.8.0,12.0,a09a35458c702b33eeacc393d103063234e8bc28,2048,1,20,100,cuda_device_elapsed,cuda:0,22086.607421875,recheck_b8_l2048.csv
linear_verification,8,2048,2.0,,38.00813953399658,37.97439956665039,38.19523963928223,0.0873415919829365,NVIDIA GeForce RTX 4090,Qwen/Qwen2.5-7B-Instruct,,success,,bfloat16,sdpa,True,2.5.1.post303,5.8.0,12.0,a09a35458c702b33eeacc393d103063234e8bc28,2048,2,20,100,cuda_device_elapsed,cuda:0,22087.044921875,recheck_b8_l2048.csv
linear_verification,8,2048,4.0,,39.02796157836914,38.964111328125,39.29171333312989,0.2276013525285548,NVIDIA GeForce RTX 4090,Qwen/Qwen2.5-7B-Instruct,,success,,bfloat16,sdpa,True,2.5.1.post303,5.8.0,12.0,a09a35458c702b33eeacc393d103063234e8bc28,2048,4,20,100,cuda_device_elapsed,cuda:0,22087.919921875,recheck_b8_l2048.csv
linear_verification,8,2048,8.0,,39.63194255828857,39.58584022521973,39.89180526733399,0.1283053796553399,NVIDIA GeForce RTX 4090,Qwen/Qwen2.5-7B-Instruct,,success,,bfloat16,sdpa,True,2.5.1.post303,5.8.0,12.0,a09a35458c702b33eeacc393d103063234e8bc28,2048,8,20,100,cuda_device_elapsed,cuda:0,22089.669921875,recheck_b8_l2048.csv
target_decode,8,2048,,,21.901223411560057,21.88800048828125,22.0836350440979,0.0814689876387333,NVIDIA GeForce RTX 4090,Qwen/Qwen2.5-7B-Instruct,,success,,bfloat16,sdpa,True,2.5.1.post303,5.8.0,12.0,a09a35458c702b33eeacc393d103063234e8bc28,2048,1,20,100,cuda_device_elapsed,cuda:0,22086.607421875,recheck_b8_l2048.csv
tree_verification,8,2048,,8.0,21.948844509124758,21.91960048675537,22.16017999649048,0.1082298503976035,NVIDIA GeForce RTX 4090,Qwen/Qwen2.5-7B-Instruct,fixed_forward_approx,success,,bfloat16,sdpa,True,2.5.1.post303,5.8.0,12.0,a09a35458c702b33eeacc393d103063234e8bc28,2048,1,20,100,cuda_device_elapsed,cuda:0,22086.607421875,recheck_b8_l2048.csv
tree_verification,8,2048,,16.0,21.948844509124758,21.91960048675537,22.16017999649048,0.1082298503976035,NVIDIA GeForce RTX 4090,Qwen/Qwen2.5-7B-Instruct,fixed_forward_approx,success,,bfloat16,sdpa,True,2.5.1.post303,5.8.0,12.0,a09a35458c702b33eeacc393d103063234e8bc28,2048,1,20,100,cuda_device_elapsed,cuda:0,22086.607421875,recheck_b8_l2048.csv
tree_verification,8,2048,,32.0,21.948844509124758,21.91960048675537,22.16017999649048,0.1082298503976035,NVIDIA GeForce RTX 4090,Qwen/Qwen2.5-7B-Instruct,fixed_forward_approx,success,,bfloat16,sdpa,True,2.5.1.post303,5.8.0,12.0,a09a35458c702b33eeacc393d103063234e8bc28,2048,1,20,100,cuda_device_elapsed,cuda:0,22086.607421875,recheck_b8_l2048.csv
tree_verification,8,2048,,64.0,21.948844509124758,21.91960048675537,22.16017999649048,0.1082298503976035,NVIDIA GeForce RTX 4090,Qwen/Qwen2.5-7B-Instruct,fixed_forward_approx,success,,bfloat16,sdpa,True,2.5.1.post303,5.8.0,12.0,a09a35458c702b33eeacc393d103063234e8bc28,2048,1,20,100,cuda_device_elapsed,cuda:0,22086.607421875,recheck_b8_l2048.csv
linear_verification,16,128,1.0,,15.214310722351074,15.214672088623049,15.294512128829956,0.0443570872076514,NVIDIA GeForce RTX 4090,Qwen/Qwen2.5-7B-Instruct,,success,,bfloat16,sdpa,True,2.5.1.post303,5.8.0,12.0,a09a35458c702b33eeacc393d103063234e8bc28,128,1,20,100,cuda_device_elapsed,cuda:1,15529.78125,target_verification_latency_full.csv
linear_verification,16,128,2.0,,18.298618907928468,18.287104606628414,18.405497360229493,0.0653238171076009,NVIDIA GeForce RTX 4090,Qwen/Qwen2.5-7B-Instruct,,success,,bfloat16,sdpa,True,2.5.1.post303,5.8.0,12.0,a09a35458c702b33eeacc393d103063234e8bc28,128,2,20,100,cuda_device_elapsed,cuda:1,15530.875,target_verification_latency_full.csv
linear_verification,16,128,4.0,,18.591317558288573,18.585599899291992,18.6779128074646,0.0540833754044211,NVIDIA GeForce RTX 4090,Qwen/Qwen2.5-7B-Instruct,,success,,bfloat16,sdpa,True,2.5.1.post303,5.8.0,12.0,a09a35458c702b33eeacc393d103063234e8bc28,128,4,20,100,cuda_device_elapsed,cuda:1,15534.3125,target_verification_latency_full.csv
linear_verification,16,128,8.0,,17.718242359161376,17.713472366333008,17.81345691680908,0.0586341685451191,NVIDIA GeForce RTX 4090,Qwen/Qwen2.5-7B-Instruct,,success,,bfloat16,sdpa,True,2.5.1.post303,5.8.0,12.0,a09a35458c702b33eeacc393d103063234e8bc28,128,8,20,100,cuda_device_elapsed,cuda:1,15539.0634765625,target_verification_latency_full.csv
target_decode,16,128,,,15.230829734802246,15.21611213684082,15.322265672683717,0.1694537325448179,NVIDIA GeForce RTX 4090,Qwen/Qwen2.5-7B-Instruct,,success,,bfloat16,sdpa,True,2.5.1.post303,5.8.0,12.0,a09a35458c702b33eeacc393d103063234e8bc28,128,1,20,100,cuda_device_elapsed,cuda:1,15529.78125,target_verification_latency_full.csv
tree_verification,16,128,,8.0,15.247655687332154,15.249807834625244,15.346060800552369,0.0625338578995481,NVIDIA GeForce RTX 4090,Qwen/Qwen2.5-7B-Instruct,fixed_forward_approx,success,,bfloat16,sdpa,True,2.5.1.post303,5.8.0,12.0,a09a35458c702b33eeacc393d103063234e8bc28,128,1,20,100,cuda_device_elapsed,cuda:1,15529.78125,target_verification_latency_full.csv
tree_verification,16,128,,16.0,15.247655687332154,15.249807834625244,15.346060800552369,0.0625338578995481,NVIDIA GeForce RTX 4090,Qwen/Qwen2.5-7B-Instruct,fixed_forward_approx,success,,bfloat16,sdpa,True,2.5.1.post303,5.8.0,12.0,a09a35458c702b33eeacc393d103063234e8bc28,128,1,20,100,cuda_device_elapsed,cuda:1,15529.78125,target_verification_latency_full.csv
tree_verification,16,128,,32.0,15.247655687332154,15.249807834625244,15.346060800552369,0.0625338578995481,NVIDIA GeForce RTX 4090,Qwen/Qwen2.5-7B-Instruct,fixed_forward_approx,success,,bfloat16,sdpa,True,2.5.1.post303,5.8.0,12.0,a09a35458c702b33eeacc393d103063234e8bc28,128,1,20,100,cuda_device_elapsed,cuda:1,15529.78125,target_verification_latency_full.csv
tree_verification,16,128,,64.0,15.247655687332154,15.249807834625244,15.346060800552369,0.0625338578995481,NVIDIA GeForce RTX 4090,Qwen/Qwen2.5-7B-Instruct,fixed_forward_approx,success,,bfloat16,sdpa,True,2.5.1.post303,5.8.0,12.0,a09a35458c702b33eeacc393d103063234e8bc28,128,1,20,100,cuda_device_elapsed,cuda:1,15529.78125,target_verification_latency_full.csv
linear_verification,16,512,1.0,,15.291285457611083,15.28062391281128,15.41847071647644,0.0800993634906657,NVIDIA GeForce RTX 4090,Qwen/Qwen2.5-7B-Instruct,,success,,bfloat16,sdpa,True,2.5.1.post303,5.8.0,12.0,a09a35458c702b33eeacc393d103063234e8bc28,512,1,20,100,cuda_device_elapsed,cuda:1,18354.193359375,target_verification_latency_full.csv
linear_verification,16,512,2.0,,18.411173515319824,18.35158443450928,18.74156560897827,0.1863680318976573,NVIDIA GeForce RTX 4090,Qwen/Qwen2.5-7B-Instruct,,success,,bfloat16,sdpa,True,2.5.1.post303,5.8.0,12.0,a09a35458c702b33eeacc393d103063234e8bc28,512,2,20,100,cuda_device_elapsed,cuda:1,18355.052734375,target_verification_latency_full.csv
linear_verification,16,512,4.0,,19.36396350860596,18.63167953491211,20.88195972442627,2.5042172555601416,NVIDIA GeForce RTX 4090,Qwen/Qwen2.5-7B-Instruct,,success,,bfloat16,sdpa,True,2.5.1.post303,5.8.0,12.0,a09a35458c702b33eeacc393d103063234e8bc28,512,4,20,100,cuda_device_elapsed,cuda:1,18356.771484375,target_verification_latency_full.csv
linear_verification,16,512,8.0,,19.64889722824097,17.655807495117188,30.308711051940907,5.335714411981085,NVIDIA GeForce RTX 4090,Qwen/Qwen2.5-7B-Instruct,,success,,bfloat16,sdpa,True,2.5.1.post303,5.8.0,12.0,a09a35458c702b33eeacc393d103063234e8bc28,512,8,20,100,cuda_device_elapsed,cuda:1,18360.2099609375,target_verification_latency_full.csv
target_decode,16,512,,,15.258716163635254,15.240479946136476,15.38599648475647,0.0807828421387292,NVIDIA GeForce RTX 4090,Qwen/Qwen2.5-7B-Instruct,,success,,bfloat16,sdpa,True,2.5.1.post303,5.8.0,12.0,a09a35458c702b33eeacc393d103063234e8bc28,512,1,20,100,cuda_device_elapsed,cuda:1,18354.193359375,target_verification_latency_full.csv
tree_verification,16,512,,8.0,15.805436220169067,15.321088314056396,16.661278438568115,1.970772908787056,NVIDIA GeForce RTX 4090,Qwen/Qwen2.5-7B-Instruct,fixed_forward_approx,success,,bfloat16,sdpa,True,2.5.1.post303,5.8.0,12.0,a09a35458c702b33eeacc393d103063234e8bc28,512,1,20,100,cuda_device_elapsed,cuda:1,18354.193359375,target_verification_latency_full.csv
tree_verification,16,512,,16.0,15.805436220169067,15.321088314056396,16.661278438568115,1.970772908787056,NVIDIA GeForce RTX 4090,Qwen/Qwen2.5-7B-Instruct,fixed_forward_approx,success,,bfloat16,sdpa,True,2.5.1.post303,5.8.0,12.0,a09a35458c702b33eeacc393d103063234e8bc28,512,1,20,100,cuda_device_elapsed,cuda:1,18354.193359375,target_verification_latency_full.csv
tree_verification,16,512,,32.0,15.805436220169067,15.321088314056396,16.661278438568115,1.970772908787056,NVIDIA GeForce RTX 4090,Qwen/Qwen2.5-7B-Instruct,fixed_forward_approx,success,,bfloat16,sdpa,True,2.5.1.post303,5.8.0,12.0,a09a35458c702b33eeacc393d103063234e8bc28,512,1,20,100,cuda_device_elapsed,cuda:1,18354.193359375,target_verification_latency_full.csv
tree_verification,16,512,,64.0,15.805436220169067,15.321088314056396,16.661278438568115,1.970772908787056,NVIDIA GeForce RTX 4090,Qwen/Qwen2.5-7B-Instruct,fixed_forward_approx,success,,bfloat16,sdpa,True,2.5.1.post303,5.8.0,12.0,a09a35458c702b33eeacc393d103063234e8bc28,512,1,20,100,cuda_device_elapsed,cuda:1,18354.193359375,target_verification_latency_full.csv
linear_verification,16,1024,1.0,,22.11516794204712,22.09832000732422,22.30123853683472,0.0774989126638475,NVIDIA GeForce RTX 4090,Qwen/Qwen2.5-7B-Instruct,,success,,bfloat16,sdpa,True,2.5.1.post303,5.8.0,12.0,a09a35458c702b33eeacc393d103063234e8bc28,1024,1,20,100,cuda_device_elapsed,cuda:0,22087.029296875,recheck_b16_l1024.csv
linear_verification,16,1024,2.0,,39.36789352416992,39.35078430175781,39.45103225708008,0.0750974318286434,NVIDIA GeForce RTX 4090,Qwen/Qwen2.5-7B-Instruct,,success,,bfloat16,sdpa,True,2.5.1.post303,5.8.0,12.0,a09a35458c702b33eeacc393d103063234e8bc28,1024,2,20,100,cuda_device_elapsed,cuda:0,22087.904296875,recheck_b16_l1024.csv
linear_verification,16,1024,4.0,,40.91519157409668,40.88217544555664,41.158195686340335,0.1066337121408814,NVIDIA GeForce RTX 4090,Qwen/Qwen2.5-7B-Instruct,,success,,bfloat16,sdpa,True,2.5.1.post303,5.8.0,12.0,a09a35458c702b33eeacc393d103063234e8bc28,1024,4,20,100,cuda_device_elapsed,cuda:0,22089.654296875,recheck_b16_l1024.csv
linear_verification,16,1024,8.0,,42.61855808258056,42.613088607788086,42.72836475372314,0.0717802022898659,NVIDIA GeForce RTX 4090,Qwen/Qwen2.5-7B-Instruct,,success,,bfloat16,sdpa,True,2.5.1.post303,5.8.0,12.0,a09a35458c702b33eeacc393d103063234e8bc28,1024,8,20,100,cuda_device_elapsed,cuda:0,22093.1552734375,recheck_b16_l1024.csv
target_decode,16,1024,,,22.129801292419437,22.096303939819336,22.33062400817871,0.1006124038124449,NVIDIA GeForce RTX 4090,Qwen/Qwen2.5-7B-Instruct,,success,,bfloat16,sdpa,True,2.5.1.post303,5.8.0,12.0,a09a35458c702b33eeacc393d103063234e8bc28,1024,1,20,100,cuda_device_elapsed,cuda:0,22087.029296875,recheck_b16_l1024.csv
tree_verification,16,1024,,8.0,22.12209348678589,22.09177589416504,22.28177890777588,0.0949632819983124,NVIDIA GeForce RTX 4090,Qwen/Qwen2.5-7B-Instruct,fixed_forward_approx,success,,bfloat16,sdpa,True,2.5.1.post303,5.8.0,12.0,a09a35458c702b33eeacc393d103063234e8bc28,1024,1,20,100,cuda_device_elapsed,cuda:0,22087.029296875,recheck_b16_l1024.csv
tree_verification,16,1024,,16.0,22.12209348678589,22.09177589416504,22.28177890777588,0.0949632819983124,NVIDIA GeForce RTX 4090,Qwen/Qwen2.5-7B-Instruct,fixed_forward_approx,success,,bfloat16,sdpa,True,2.5.1.post303,5.8.0,12.0,a09a35458c702b33eeacc393d103063234e8bc28,1024,1,20,100,cuda_device_elapsed,cuda:0,22087.029296875,recheck_b16_l1024.csv
tree_verification,16,1024,,32.0,22.12209348678589,22.09177589416504,22.28177890777588,0.0949632819983124,NVIDIA GeForce RTX 4090,Qwen/Qwen2.5-7B-Instruct,fixed_forward_approx,success,,bfloat16,sdpa,True,2.5.1.post303,5.8.0,12.0,a09a35458c702b33eeacc393d103063234e8bc28,1024,1,20,100,cuda_device_elapsed,cuda:0,22087.029296875,recheck_b16_l1024.csv
tree_verification,16,1024,,64.0,22.12209348678589,22.09177589416504,22.28177890777588,0.0949632819983124,NVIDIA GeForce RTX 4090,Qwen/Qwen2.5-7B-Instruct,fixed_forward_approx,success,,bfloat16,sdpa,True,2.5.1.post303,5.8.0,12.0,a09a35458c702b33eeacc393d103063234e8bc28,1024,1,20,100,cuda_device_elapsed,cuda:0,22087.029296875,recheck_b16_l1024.csv
linear_verification,16,2048,1.0,,,,,,NVIDIA GeForce RTX 4090,Qwen/Qwen2.5-7B-Instruct,,oom,"CUDA out of memory. Tried to allocate 9.28 GiB. GPU 0 has a total capacity of 23.52 GiB of which 6.75 GiB is free. Process 3627551 has 16.74 GiB memory in use. Of the allocated memory 16.16 GiB is allocated by PyTorch, and 131.71 MiB is reserved by PyTorch but unallocated. If reserved but unallocated memory is large try setting PYTORCH_CUDA_ALLOC_CONF=expandable_segments:True to avoid fragmentation. See documentation for Memory Management (https://pytorch.org/docs/stable/notes/cuda.html#environm",bfloat16,sdpa,True,2.5.1.post303,5.8.0,12.0,a09a35458c702b33eeacc393d103063234e8bc28,2048,1,20,100,cuda_device_elapsed,cuda:0,,recheck_b16_l2048.csv
linear_verification,16,2048,2.0,,,,,,NVIDIA GeForce RTX 4090,Qwen/Qwen2.5-7B-Instruct,,oom,"CUDA out of memory. Tried to allocate 9.28 GiB. GPU 0 has a total capacity of 23.52 GiB of which 6.75 GiB is free. Process 3627551 has 16.74 GiB memory in use. Of the allocated memory 16.16 GiB is allocated by PyTorch, and 131.71 MiB is reserved by PyTorch but unallocated. If reserved but unallocated memory is large try setting PYTORCH_CUDA_ALLOC_CONF=expandable_segments:True to avoid fragmentation. See documentation for Memory Management (https://pytorch.org/docs/stable/notes/cuda.html#environm",bfloat16,sdpa,True,2.5.1.post303,5.8.0,12.0,a09a35458c702b33eeacc393d103063234e8bc28,2048,2,20,100,cuda_device_elapsed,cuda:0,,recheck_b16_l2048.csv
linear_verification,16,2048,4.0,,,,,,NVIDIA GeForce RTX 4090,Qwen/Qwen2.5-7B-Instruct,,oom,"CUDA out of memory. Tried to allocate 9.28 GiB. GPU 0 has a total capacity of 23.52 GiB of which 6.75 GiB is free. Process 3627551 has 16.74 GiB memory in use. Of the allocated memory 16.16 GiB is allocated by PyTorch, and 131.71 MiB is reserved by PyTorch but unallocated. If reserved but unallocated memory is large try setting PYTORCH_CUDA_ALLOC_CONF=expandable_segments:True to avoid fragmentation. See documentation for Memory Management (https://pytorch.org/docs/stable/notes/cuda.html#environm",bfloat16,sdpa,True,2.5.1.post303,5.8.0,12.0,a09a35458c702b33eeacc393d103063234e8bc28,2048,4,20,100,cuda_device_elapsed,cuda:0,,recheck_b16_l2048.csv
linear_verification,16,2048,8.0,,,,,,NVIDIA GeForce RTX 4090,Qwen/Qwen2.5-7B-Instruct,,oom,"CUDA out of memory. Tried to allocate 9.28 GiB. GPU 0 has a total capacity of 23.52 GiB of which 6.75 GiB is free. Process 3627551 has 16.74 GiB memory in use. Of the allocated memory 16.16 GiB is allocated by PyTorch, and 131.71 MiB is reserved by PyTorch but unallocated. If reserved but unallocated memory is large try setting PYTORCH_CUDA_ALLOC_CONF=expandable_segments:True to avoid fragmentation. See documentation for Memory Management (https://pytorch.org/docs/stable/notes/cuda.html#environm",bfloat16,sdpa,True,2.5.1.post303,5.8.0,12.0,a09a35458c702b33eeacc393d103063234e8bc28,2048,8,20,100,cuda_device_elapsed,cuda:0,,recheck_b16_l2048.csv
target_decode,16,2048,,,,,,,NVIDIA GeForce RTX 4090,Qwen/Qwen2.5-7B-Instruct,,oom,"CUDA out of memory. Tried to allocate 9.28 GiB. GPU 0 has a total capacity of 23.52 GiB of which 6.75 GiB is free. Process 3627551 has 16.74 GiB memory in use. Of the allocated memory 16.16 GiB is allocated by PyTorch, and 131.71 MiB is reserved by PyTorch but unallocated. If reserved but unallocated memory is large try setting PYTORCH_CUDA_ALLOC_CONF=expandable_segments:True to avoid fragmentation. See documentation for Memory Management (https://pytorch.org/docs/stable/notes/cuda.html#environm",bfloat16,sdpa,True,2.5.1.post303,5.8.0,12.0,a09a35458c702b33eeacc393d103063234e8bc28,2048,1,20,100,cuda_device_elapsed,cuda:0,,recheck_b16_l2048.csv
tree_verification,16,2048,,8.0,,,,,NVIDIA GeForce RTX 4090,Qwen/Qwen2.5-7B-Instruct,fixed_forward_approx,oom,"CUDA out of memory. Tried to allocate 9.28 GiB. GPU 0 has a total capacity of 23.52 GiB of which 6.75 GiB is free. Process 3627551 has 16.74 GiB memory in use. Of the allocated memory 16.16 GiB is allocated by PyTorch, and 131.71 MiB is reserved by PyTorch but unallocated. If reserved but unallocated memory is large try setting PYTORCH_CUDA_ALLOC_CONF=expandable_segments:True to avoid fragmentation. See documentation for Memory Management (https://pytorch.org/docs/stable/notes/cuda.html#environm",bfloat16,sdpa,True,2.5.1.post303,5.8.0,12.0,a09a35458c702b33eeacc393d103063234e8bc28,2048,1,20,100,cuda_device_elapsed,cuda:0,,recheck_b16_l2048.csv
tree_verification,16,2048,,16.0,,,,,NVIDIA GeForce RTX 4090,Qwen/Qwen2.5-7B-Instruct,fixed_forward_approx,oom,"CUDA out of memory. Tried to allocate 9.28 GiB. GPU 0 has a total capacity of 23.52 GiB of which 6.75 GiB is free. Process 3627551 has 16.74 GiB memory in use. Of the allocated memory 16.16 GiB is allocated by PyTorch, and 131.71 MiB is reserved by PyTorch but unallocated. If reserved but unallocated memory is large try setting PYTORCH_CUDA_ALLOC_CONF=expandable_segments:True to avoid fragmentation. See documentation for Memory Management (https://pytorch.org/docs/stable/notes/cuda.html#environm",bfloat16,sdpa,True,2.5.1.post303,5.8.0,12.0,a09a35458c702b33eeacc393d103063234e8bc28,2048,1,20,100,cuda_device_elapsed,cuda:0,,recheck_b16_l2048.csv
tree_verification,16,2048,,32.0,,,,,NVIDIA GeForce RTX 4090,Qwen/Qwen2.5-7B-Instruct,fixed_forward_approx,oom,"CUDA out of memory. Tried to allocate 9.28 GiB. GPU 0 has a total capacity of 23.52 GiB of which 6.75 GiB is free. Process 3627551 has 16.74 GiB memory in use. Of the allocated memory 16.16 GiB is allocated by PyTorch, and 131.71 MiB is reserved by PyTorch but unallocated. If reserved but unallocated memory is large try setting PYTORCH_CUDA_ALLOC_CONF=expandable_segments:True to avoid fragmentation. See documentation for Memory Management (https://pytorch.org/docs/stable/notes/cuda.html#environm",bfloat16,sdpa,True,2.5.1.post303,5.8.0,12.0,a09a35458c702b33eeacc393d103063234e8bc28,2048,1,20,100,cuda_device_elapsed,cuda:0,,recheck_b16_l2048.csv
tree_verification,16,2048,,64.0,,,,,NVIDIA GeForce RTX 4090,Qwen/Qwen2.5-7B-Instruct,fixed_forward_approx,oom,"CUDA out of memory. Tried to allocate 9.28 GiB. GPU 0 has a total capacity of 23.52 GiB of which 6.75 GiB is free. Process 3627551 has 16.74 GiB memory in use. Of the allocated memory 16.16 GiB is allocated by PyTorch, and 131.71 MiB is reserved by PyTorch but unallocated. If reserved but unallocated memory is large try setting PYTORCH_CUDA_ALLOC_CONF=expandable_segments:True to avoid fragmentation. See documentation for Memory Management (https://pytorch.org/docs/stable/notes/cuda.html#environm",bfloat16,sdpa,True,2.5.1.post303,5.8.0,12.0,a09a35458c702b33eeacc393d103063234e8bc28,2048,1,20,100,cuda_device_elapsed,cuda:0,,recheck_b16_l2048.csv
